frequency,precision,recall,f1
25S,0.9657534246575342,0.889589905362776,0.9261083743842364
15S,0.9678571428571429,0.8548895899053628,0.9078726968174204
5S,0.9433198380566802,0.7350157728706624,0.8262411347517731
